{"score": 0.5701232805466279, "ade": 0.5701232805466279, "fde": 1.047219186687354, "nsample": 1.0}