{"score": 1.1912504978058063, "ade": 1.1912504978058063, "fde": 2.0099529067044712, "nsample": 1.0}